{
    "train": {
        "loss": [
            0.7218002041578293,
            0.32309432309865954,
            0.2292192336767912,
            0.17169119894504548,
            0.12345674131438136,
            0.08219872925803065,
            0.04896143141388893,
            0.03668301973026246,
            0.022385714503470808,
            0.014312601370271296,
            0.016787305986275897,
            0.019111711025005206
        ],
        "accuracy": [
            77.50625,
            89.56875,
            92.5875,
            94.2375,
            96.0125,
            97.2625,
            98.5125,
            98.925,
            99.38125,
            99.64375,
            99.44375,
            99.3875
        ]
    },
    "val": {
        "loss": [
            0.3884467976906943,
            0.3004779520015868,
            0.27142186498358134,
            0.28156982805757297,
            0.29199919045444517,
            0.32093943785580376,
            0.362304448342276,
            0.38327229472379837,
            0.4187860118727835,
            0.45515497287528384,
            0.4631703289610053,
            0.47486679321007125
        ],
        "accuracy": [
            87.425,
            90.4,
            91.525,
            91.125,
            91.95,
            91.025,
            91.225,
            91.525,
            91.05,
            91.175,
            91.1,
            90.975
        ]
    }
}