{
    "train": {
        "loss": [
            0.6371312222480774
        ],
        "accuracy": [
            79.5
        ]
    },
    "val": {
        "loss": [
            0.3698725896477699
        ],
        "accuracy": [
            88.65
        ]
    }
}