{
    "train": {
        "loss": [
            0.6371312222480774,
            0.280559423353523,
            0.20527784442529082
        ],
        "accuracy": [
            79.5,
            91.0875,
            93.325
        ]
    },
    "val": {
        "loss": [
            0.3698725896477699,
            0.31004205203056334,
            0.2869383635222912
        ],
        "accuracy": [
            88.65,
            89.65,
            90.975
        ]
    }
}