{
    "train": {
        "loss": [
            0.6999639612734317,
            0.30960312139242885,
            0.22687094912678002,
            0.17667741281352936,
            0.13439327775221319,
            0.09733282208349556
        ],
        "accuracy": [
            77.2,
            90.03125,
            92.6375,
            94.34375,
            95.56875,
            96.85
        ]
    },
    "val": {
        "loss": [
            0.42001409316062926,
            0.35344433146715165,
            0.32790541076660157,
            0.32485605269670487,
            0.33155757531523705,
            0.37941353177279236
        ],
        "accuracy": [
            86.775,
            88.525,
            89.05,
            89.425,
            89.925,
            89.65
        ]
    }
}