{
    "train": {
        "loss": [
            0.6999639612734317
        ],
        "accuracy": [
            77.2
        ]
    },
    "val": {
        "loss": [
            0.42001409316062926
        ],
        "accuracy": [
            86.775
        ]
    }
}