{
    "train": {
        "loss": [
            0.6371312222480774,
            0.280559423353523,
            0.20527784442529082,
            0.14680254758521916,
            0.10161743852123618,
            0.06830706316512078,
            0.04303960983006982,
            0.02899594363250071,
            0.025147437897860073
        ],
        "accuracy": [
            79.5,
            91.0875,
            93.325,
            95.15625,
            96.5875,
            97.69375,
            98.60625,
            99.075,
            99.16875
        ]
    },
    "val": {
        "loss": [
            0.3698725896477699,
            0.31004205203056334,
            0.2869383635222912,
            0.30832421430945395,
            0.3326171168386936,
            0.33230834919214247,
            0.43214479145407675,
            0.4421095312833786,
            0.49300689186900853
        ],
        "accuracy": [
            88.65,
            89.65,
            90.975,
            90.875,
            90.75,
            90.85,
            89.925,
            90.375,
            90.525
        ]
    }
}