{
    "train": {
        "loss": [
            0.6999639612734317,
            0.30960312139242885,
            0.22687094912678002,
            0.17667741281352936
        ],
        "accuracy": [
            77.2,
            90.03125,
            92.6375,
            94.34375
        ]
    },
    "val": {
        "loss": [
            0.42001409316062926,
            0.35344433146715165,
            0.32790541076660157,
            0.32485605269670487
        ],
        "accuracy": [
            86.775,
            88.525,
            89.05,
            89.425
        ]
    }
}