{
    "train": {
        "loss": [
            0.6371312222480774,
            0.280559423353523,
            0.20527784442529082,
            0.14680254758521916,
            0.10161743852123618,
            0.06830706316512078
        ],
        "accuracy": [
            79.5,
            91.0875,
            93.325,
            95.15625,
            96.5875,
            97.69375
        ]
    },
    "val": {
        "loss": [
            0.3698725896477699,
            0.31004205203056334,
            0.2869383635222912,
            0.30832421430945395,
            0.3326171168386936,
            0.33230834919214247
        ],
        "accuracy": [
            88.65,
            89.65,
            90.975,
            90.875,
            90.75,
            90.85
        ]
    }
}