{
    "train": {
        "loss": [
            0.6371312222480774,
            0.280559423353523,
            0.20527784442529082,
            0.14680254758521916,
            0.10161743852123618,
            0.06830706316512078,
            0.04303960983006982,
            0.02899594363250071,
            0.025147437897860073,
            0.027551287686044815,
            0.019100557561358072,
            0.015152805447378341
        ],
        "accuracy": [
            79.5,
            91.0875,
            93.325,
            95.15625,
            96.5875,
            97.69375,
            98.60625,
            99.075,
            99.16875,
            99.08125,
            99.39375,
            99.53125
        ]
    },
    "val": {
        "loss": [
            0.3698725896477699,
            0.31004205203056334,
            0.2869383635222912,
            0.30832421430945395,
            0.3326171168386936,
            0.33230834919214247,
            0.43214479145407675,
            0.4421095312833786,
            0.49300689186900853,
            0.5862980975322425,
            0.5710506466403603,
            0.6038220906956121
        ],
        "accuracy": [
            88.65,
            89.65,
            90.975,
            90.875,
            90.75,
            90.85,
            89.925,
            90.375,
            90.525,
            90.0,
            90.075,
            90.45
        ]
    }
}