{
    "train": {
        "loss": [
            0.6371312222480774,
            0.280559423353523
        ],
        "accuracy": [
            79.5,
            91.0875
        ]
    },
    "val": {
        "loss": [
            0.3698725896477699,
            0.31004205203056334
        ],
        "accuracy": [
            88.65,
            89.65
        ]
    }
}