{
    "train": {
        "loss": [
            0.6999639612734317,
            0.30960312139242885,
            0.22687094912678002,
            0.17667741281352936,
            0.13439327775221319,
            0.09733282208349556,
            0.06836074007861316,
            0.04298204708471894,
            0.03201860738103278,
            0.02401531913061626,
            0.020308227808447554,
            0.025327408452067175,
            0.019653397321264494,
            0.010343834307112047,
            0.014392983780436226,
            0.014400329200650958,
            0.012116268180454427,
            0.015428537664110991,
            0.006594612785160279,
            0.006689059375100896
        ],
        "accuracy": [
            77.2,
            90.03125,
            92.6375,
            94.34375,
            95.56875,
            96.85,
            97.63125,
            98.60625,
            98.98125,
            99.20625,
            99.34375,
            99.2375,
            99.31875,
            99.70625,
            99.49375,
            99.59375,
            99.60625,
            99.4625,
            99.79375,
            99.76875
        ]
    },
    "val": {
        "loss": [
            0.42001409316062926,
            0.35344433146715165,
            0.32790541076660157,
            0.32485605269670487,
            0.33155757531523705,
            0.37941353177279236,
            0.4324610058516264,
            0.43809765091910957,
            0.43387173990905287,
            0.574472161501646,
            0.5793856285410002,
            0.6269039860051125,
            0.619810980822891,
            0.6680064676707843,
            0.7278635411262512,
            0.680522778723389,
            0.7371809055679478,
            0.7553334062471986,
            0.8606732738409192,
            0.7871193741261959
        ],
        "accuracy": [
            86.775,
            88.525,
            89.05,
            89.425,
            89.925,
            89.65,
            89.4,
            89.975,
            90.05,
            88.85,
            89.625,
            89.3,
            89.325,
            89.875,
            88.65,
            89.3,
            89.575,
            89.2,
            89.05,
            89.425
        ]
    }
}