{
    "train": {
        "loss": [
            0.6371312222480774,
            0.280559423353523,
            0.20527784442529082,
            0.14680254758521916,
            0.10161743852123618,
            0.06830706316512078,
            0.04303960983006982,
            0.02899594363250071,
            0.025147437897860073,
            0.027551287686044815,
            0.019100557561358072,
            0.015152805447378341,
            0.0162148206915208,
            0.012289255414892978,
            0.00966025025256772,
            0.01620273769924097,
            0.010300521054494766,
            0.009512059874078658,
            0.01177238533973332,
            0.011591207209198729
        ],
        "accuracy": [
            79.5,
            91.0875,
            93.325,
            95.15625,
            96.5875,
            97.69375,
            98.60625,
            99.075,
            99.16875,
            99.08125,
            99.39375,
            99.53125,
            99.4875,
            99.6125,
            99.68125,
            99.44375,
            99.65625,
            99.64375,
            99.63125,
            99.63125
        ]
    },
    "val": {
        "loss": [
            0.3698725896477699,
            0.31004205203056334,
            0.2869383635222912,
            0.30832421430945395,
            0.3326171168386936,
            0.33230834919214247,
            0.43214479145407675,
            0.4421095312833786,
            0.49300689186900853,
            0.5862980975322425,
            0.5710506466403603,
            0.6038220906956121,
            0.5519759094715119,
            0.6091373959239572,
            0.6175349327176809,
            0.6573026811219752,
            0.7043125750845065,
            0.7478451959788799,
            0.7819294361285866,
            0.6765389608740806
        ],
        "accuracy": [
            88.65,
            89.65,
            90.975,
            90.875,
            90.75,
            90.85,
            89.925,
            90.375,
            90.525,
            90.0,
            90.075,
            90.45,
            90.4,
            90.125,
            90.075,
            90.125,
            90.15,
            89.525,
            89.25,
            90.35
        ]
    }
}